id,title,thumbnail,url
6y_jxdAVMDc,#04 Total do Carrinho com Reduce — Exemplo Prático e Rápido,https://i.ytimg.com/vi/6y_jxdAVMDc/hqdefault.jpg?sqp=-oaymwEjCNACELwBSFryq4qpAxUIARUAAAAAGAElAADIQj0AgKJDeAE=&rs=AOn4CLAYqLbc3bw7d8RZKzxhGe9TPklgig,https://www.youtube.com/watch?v=6y_jxdAVMDc
6NjewXSNRGE,#03 Contando Itens com Reduce — Exemplo Completo e Fácil,https://i.ytimg.com/vi/6NjewXSNRGE/hqdefault.jpg?sqp=-oaymwEjCNACELwBSFryq4qpAxUIARUAAAAAGAElAADIQj0AgKJDeAE=&rs=AOn4CLDkXM5dgVevNYuz4GrCdh6QymS2cg,https://www.youtube.com/watch?v=6NjewXSNRGE
5Gxb1nQ_UX0,#02 Juntando Palavras com Reduce — Exemplo Simples e Didático,https://i.ytimg.com/vi/5Gxb1nQ_UX0/hqdefault.jpg?sqp=-oaymwEjCNACELwBSFryq4qpAxUIARUAAAAAGAElAADIQj0AgKJDeAE=&rs=AOn4CLDq0MGuG7Fmy8BUdmGr-WWY-gfM-Q,https://www.youtube.com/watch?v=5Gxb1nQ_UX0
hxhZyX0Hc3A,#01 Como Calcular Média Usando Reduce — Exemplo Prático,https://i.ytimg.com/vi/hxhZyX0Hc3A/hqdefault.jpg?sqp=-oaymwEjCNACELwBSFryq4qpAxUIARUAAAAAGAElAADIQj0AgKJDeAE=&rs=AOn4CLDJehcl9FHSy1JvJ83eKanLnivr1A,https://www.youtube.com/watch?v=hxhZyX0Hc3A
1vQ-gDRQxp0,#03 React: Filtrando Objetos (Exibindo Dados com JSX),https://i.ytimg.com/vi/1vQ-gDRQxp0/hqdefault.jpg?sqp=-oaymwEjCNACELwBSFryq4qpAxUIARUAAAAAGAElAADIQj0AgKJDeAE=&rs=AOn4CLDCyOVNl265hMwvz_6NdO8NQXkFnw,https://www.youtube.com/watch?v=1vQ-gDRQxp0
RbIQ0e64UYw,#02 React + JavaScript: Filtrando Strings e Exibindo no JSX,https://i.ytimg.com/vi/RbIQ0e64UYw/hqdefault.jpg?sqp=-oaymwEjCNACELwBSFryq4qpAxUIARUAAAAAGAElAADIQj0AgKJDeAE=&rs=AOn4CLB7xvs1URHaQiseRvcv20vx-2Da9Q,https://www.youtube.com/watch?v=RbIQ0e64UYw
YM2BnJzSDbs,#01 React + JavaScript: Filter Básico com Arrays (Do Zero à Prática),https://i.ytimg.com/vi/YM2BnJzSDbs/hqdefault.jpg?sqp=-oaymwEjCNACELwBSFryq4qpAxUIARUAAAAAGAElAADIQj0AgKJDeAE=&rs=AOn4CLDI6cZbErzdnkyYJ-XhH3mfVJAzJg,https://www.youtube.com/watch?v=YM2BnJzSDbs
u1LYUgeJak8,"PROJETOS JavaScript AVANÇADO: Regex, API ViaCEP, FileSaver e CRUD com LocalStorage",https://i.ytimg.com/vi/u1LYUgeJak8/hqdefault.jpg?sqp=-oaymwEjCNACELwBSFryq4qpAxUIARUAAAAAGAElAADIQj0AgKJDeAE=&rs=AOn4CLCqboAlEuL9CuGYj1qPPUMWzIPUKg,https://www.youtube.com/watch?v=u1LYUgeJak8
6gfz_ptDCiI,#05 CARRINHO de COMPRAS no React com .map() (Guia Passo a Passo!),https://i.ytimg.com/vi/6gfz_ptDCiI/hqdefault.jpg?sqp=-oaymwEjCNACELwBSFryq4qpAxUIARUAAAAAGAElAADIQj0AgKJDeAE=&rs=AOn4CLAhJQwNIvvrC3A27d8NR_qyk1VdCw,https://www.youtube.com/watch?v=6gfz_ptDCiI
d0d98zBQOko,#04 React JS: Como CRIAR uma Lista FILTRADA com Input (Método .map()),https://i.ytimg.com/vi/d0d98zBQOko/hqdefault.jpg?sqp=-oaymwEjCNACELwBSFryq4qpAxUIARUAAAAAGAElAADIQj0AgKJDeAE=&rs=AOn4CLB7i2SXju3XCFVYJEE8jsc8PK68zw,https://www.youtube.com/watch?v=d0d98zBQOko
XwtKuAV_fHY,"TypeScript Completo: Interfaces, Types e Generics Explicados de Forma Simples (Aula 100% Prática)",https://i.ytimg.com/vi/XwtKuAV_fHY/hqdefault.jpg?sqp=-oaymwEjCNACELwBSFryq4qpAxUIARUAAAAAGAElAADIQj0AgKJDeAE=&rs=AOn4CLBTaPHd71If27K6aYwNwfCQCmKteQ,https://www.youtube.com/watch?v=XwtKuAV_fHY
MLVqYPfs2_Q,#03 Renderização de CARDS no React: O Guia Definitivo com .map()!,https://i.ytimg.com/vi/MLVqYPfs2_Q/hqdefault.jpg?sqp=-oaymwEjCNACELwBSFryq4qpAxUIARUAAAAAGAElAADIQj0AgKJDeAE=&rs=AOn4CLCqgxXaIloUNG7Fd4UdJsLC-GLsaA,https://www.youtube.com/watch?v=MLVqYPfs2_Q
5Dqq86UCIys,#02 Como Usar .map() no React com useState (Exemplo PRÁTICO),https://i.ytimg.com/vi/5Dqq86UCIys/hqdefault.jpg?sqp=-oaymwEjCNACELwBSFryq4qpAxUIARUAAAAAGAElAADIQj0AgKJDeAE=&rs=AOn4CLABGuA2fFqGMW8axqex_B_MBNTMQw,https://www.youtube.com/watch?v=5Dqq86UCIys
0GP4q_jZ-5M,#01 O que é .map() no React? (Lista Simples - Tutorial para Iniciantes),https://i.ytimg.com/vi/0GP4q_jZ-5M/hqdefault.jpg?sqp=-oaymwEjCNACELwBSFryq4qpAxUIARUAAAAAGAElAADIQj0AgKJDeAE=&rs=AOn4CLBECl-FlzkSTabSWerKZY0QRLMiZA,https://www.youtube.com/watch?v=0GP4q_jZ-5M
6EtWlnOTpg8,#06 APAGAR e INSERIR Itens no Array do React com SPLICE (A Maneira Certa),https://i.ytimg.com/vi/6EtWlnOTpg8/hqdefault.jpg?sqp=-oaymwEjCNACELwBSFryq4qpAxUIARUAAAAAGAElAADIQj0AgKJDeAE=&rs=AOn4CLCrCnZcXBbMiGSsaisn7FbuMuAiEA,https://www.youtube.com/watch?v=6EtWlnOTpg8
LRUiQ2KnOII,#05 Como ATUALIZAR um Item do Array no React por Índice (Técnica Imutável),https://i.ytimg.com/vi/LRUiQ2KnOII/hqdefault.jpg?sqp=-oaymwEjCNACELwBSFryq4qpAxUIARUAAAAAGAElAADIQj0AgKJDeAE=&rs=AOn4CLDhy0rx57u5qfQtfkG5xMV1qqxw1g,https://www.youtube.com/watch?v=LRUiQ2KnOII
F9zK6BmmY2M,#04 Adicionar (unshift) e Remover (shift) Elementos no INÍCIO do Array (React JS),https://i.ytimg.com/vi/F9zK6BmmY2M/hqdefault.jpg?sqp=-oaymwEjCNACELwBSFryq4qpAxUIARUAAAAAGAElAADIQj0AgKJDeAE=&rs=AOn4CLCAHm67tWgwgSGIgmoryzOW3uIH8A,https://www.youtube.com/watch?v=F9zK6BmmY2M
StwDOy_i22A,#03 ADICIONAR e REMOVER no FIM do Array no React com Push e Pop (SEO Array),https://i.ytimg.com/vi/StwDOy_i22A/hqdefault.jpg?sqp=-oaymwEjCNACELwBSFryq4qpAxUIARUAAAAAGAElAADIQj0AgKJDeAE=&rs=AOn4CLD6e0oltHb11bB6kBcgaAoznxbwpw,https://www.youtube.com/watch?v=StwDOy_i22A
YDR4SFRtBaY,#02 Erro Comum: Por que NUNCA MUDAR o Array do Estado Diretamente no React?,https://i.ytimg.com/vi/YDR4SFRtBaY/hqdefault.jpg?sqp=-oaymwEjCNACELwBSFryq4qpAxUIARUAAAAAGAElAADIQj0AgKJDeAE=&rs=AOn4CLDlwbEqDOjUgQA176-AgwMOA6gIzQ,https://www.youtube.com/watch?v=YDR4SFRtBaY
fACIziGTGDQ,#01 Manipulação de Arrays no React: Conceitos Iniciais e Imutabilidade (Guia ZERO),https://i.ytimg.com/vi/fACIziGTGDQ/hqdefault.jpg?sqp=-oaymwEjCNACELwBSFryq4qpAxUIARUAAAAAGAElAADIQj0AgKJDeAE=&rs=AOn4CLBXd6E874Qjp1ZAR2iM_yA5rk_ndg,https://www.youtube.com/watch?v=fACIziGTGDQ
61GFXpGJZ_w,#07 Filter no React na Prática — Filtrando Dados no JSX com Componentes Separados,https://i.ytimg.com/vi/61GFXpGJZ_w/hqdefault.jpg?sqp=-oaymwEjCNACELwBSFryq4qpAxUIARUAAAAAGAElAADIQj0AgKJDeAE=&rs=AOn4CLAynbqSA896HMRDIHXdN0bgAbIgaA,https://www.youtube.com/watch?v=61GFXpGJZ_w
N8UfYtn8M5g,#06 REACT JS: Como Usar o ForEach para Iteração de Arrays (Guia Prático),https://i.ytimg.com/vi/N8UfYtn8M5g/hqdefault.jpg?sqp=-oaymwEjCNACELwBSFryq4qpAxUIARUAAAAAGAElAADIQj0AgKJDeAE=&rs=AOn4CLA8_-Hl4BpLdER0VFsqVt8gQOvh5A,https://www.youtube.com/watch?v=N8UfYtn8M5g
cz6ziLvbk6s,"Domine JavaScript de Uma Vez: Arrow Functions, Callbacks e Async/Await na Prática!",https://i.ytimg.com/vi/cz6ziLvbk6s/hqdefault.jpg?sqp=-oaymwEjCNACELwBSFryq4qpAxUIARUAAAAAGAElAADIQj0AgKJDeAE=&rs=AOn4CLDOpFDcflXwf4abioGsPeu5IxrqsQ,https://www.youtube.com/watch?v=cz6ziLvbk6s
VaJAIKhba1E,#05 React + JavaScript: Iterando Vetores com For e Exibindo Dados no JSX,https://i.ytimg.com/vi/VaJAIKhba1E/hqdefault.jpg?sqp=-oaymwEjCNACELwBSFryq4qpAxUIARUAAAAAGAElAADIQj0AgKJDeAE=&rs=AOn4CLDz1b_fC3T_X-Dnm8XzOK2wJnNvbg,https://www.youtube.com/watch?v=VaJAIKhba1E
_zAQui8BUmY,#04 Como Acessar Dados do Array no React e Mostrar na Tela (Do Zero à Prática),https://i.ytimg.com/vi/_zAQui8BUmY/hqdefault.jpg?sqp=-oaymwEjCNACELwBSFryq4qpAxUIARUAAAAAGAElAADIQj0AgKJDeAE=&rs=AOn4CLCmJUjBF9Ph8tLv0e9mnsd3qlylTA,https://www.youtube.com/watch?v=_zAQui8BUmY
-79SmkxJfeY,#03 React + JavaScript: Como Declarar e Usar Vetores no Estado (Do Zero à Prática),https://i.ytimg.com/vi/-79SmkxJfeY/hqdefault.jpg?sqp=-oaymwEjCNACELwBSFryq4qpAxUIARUAAAAAGAElAADIQj0AgKJDeAE=&rs=AOn4CLCIUFgLwdHh6WbBmZYQewqruEdx3A,https://www.youtube.com/watch?v=-79SmkxJfeY
wuNZwh2NG2A,#02 React + JavaScript: Vetores do Zero — Conceito e Uso no Estado (Passo a Passo),https://i.ytimg.com/vi/wuNZwh2NG2A/hqdefault.jpg?sqp=-oaymwEjCNACELwBSFryq4qpAxUIARUAAAAAGAElAADIQj0AgKJDeAE=&rs=AOn4CLC1OEMv79rjGauMyD6jLHzh__hMWw,https://www.youtube.com/watch?v=wuNZwh2NG2A
bQG8knq4Z-M,EJS + Node.js na Prática: Do Básico ao Mini Projeto Responsivo (Aula Completa),https://i.ytimg.com/vi/bQG8knq4Z-M/hqdefault.jpg?sqp=-oaymwEjCNACELwBSFryq4qpAxUIARUAAAAAGAElAADIQj0AgKJDeAE=&rs=AOn4CLBwI9cqEY76zbT5lEg21TX-zmr5sw,https://www.youtube.com/watch?v=bQG8knq4Z-M
6VaWPGi6wGM,#01 React + JavaScript: PUSH e POP na Prática (Manipulando Lista no Estado),https://i.ytimg.com/vi/6VaWPGi6wGM/hqdefault.jpg?sqp=-oaymwEjCNACELwBSFryq4qpAxUIARUAAAAAGAElAADIQj0AgKJDeAE=&rs=AOn4CLD3OBAaGJ09_3O5zL0O5Ht7t5IKSA,https://www.youtube.com/watch?v=6VaWPGi6wGM
3Iy24fcNo3M,#06 Callback com TypeScript na Prática – Com Async Await,https://i.ytimg.com/vi/3Iy24fcNo3M/hqdefault.jpg?sqp=-oaymwEjCNACELwBSFryq4qpAxUIARUAAAAAGAElAADIQj0AgKJDeAE=&rs=AOn4CLBjXeX0C4pYvT9TPrGIueRJdMDArQ,https://www.youtube.com/watch?v=3Iy24fcNo3M
-3aMvBIqNyI,#05 Callback com TypeScript na Prática – Com API ViaCep,https://i.ytimg.com/vi/-3aMvBIqNyI/hqdefault.jpg?sqp=-oaymwEjCNACELwBSFryq4qpAxUIARUAAAAAGAElAADIQj0AgKJDeAE=&rs=AOn4CLAyD80XEP2vPyjoWvPakqsqbnjkTQ,https://www.youtube.com/watch?v=-3aMvBIqNyI
6cQ1hC8zUyk,#04 Callback com TypeScript na Prática – Tipando Callbacks com TYPE no TypeScript,https://i.ytimg.com/vi/6cQ1hC8zUyk/hqdefault.jpg?sqp=-oaymwEjCNACELwBSFryq4qpAxUIARUAAAAAGAElAADIQj0AgKJDeAE=&rs=AOn4CLDAY8yohrO5gwGV_iXtSwU0H_vS9Q,https://www.youtube.com/watch?v=6cQ1hC8zUyk
a5zGmmL40cY,#03 Callback com TypeScript na Prática – Buscar Usuário,https://i.ytimg.com/vi/a5zGmmL40cY/hqdefault.jpg?sqp=-oaymwEjCNACELwBSFryq4qpAxUIARUAAAAAGAElAADIQj0AgKJDeAE=&rs=AOn4CLCOuOzLZ_MX0talagUXjl6f7FdBpw,https://www.youtube.com/watch?v=a5zGmmL40cY
9LeIo8Pzv_0,#02 Como Funciona setTimeout no JavaScript (Callback e Execução Assíncrona na Prática),https://i.ytimg.com/vi/9LeIo8Pzv_0/hqdefault.jpg?sqp=-oaymwEjCNACELwBSFryq4qpAxUIARUAAAAAGAElAADIQj0AgKJDeAE=&rs=AOn4CLAsUGhdKgBp_o25KPr83R2PImPw8A,https://www.youtube.com/watch?v=9LeIo8Pzv_0
UK6pbnWnsmg,#01 Callback com TypeScript na Prática – Explicação Simples e Direta,https://i.ytimg.com/vi/UK6pbnWnsmg/hqdefault.jpg?sqp=-oaymwEjCNACELwBSFryq4qpAxUIARUAAAAAGAElAADIQj0AgKJDeAE=&rs=AOn4CLDj9mKo8GzFqGPnz4BRrYzCLr8R3Q,https://www.youtube.com/watch?v=UK6pbnWnsmg
ju-rwZxiu9c,#03 Lógica com React – Laço de Repetição DO...WHILE,https://i.ytimg.com/vi/ju-rwZxiu9c/hqdefault.jpg?sqp=-oaymwEjCNACELwBSFryq4qpAxUIARUAAAAAGAElAADIQj0AgKJDeAE=&rs=AOn4CLDmOyC-5SdNCMN5-OmqATOxT8pAcw,https://www.youtube.com/watch?v=ju-rwZxiu9c
a7WGLX4v9Kw,#02 Lógica com React – Laço de Repetição WHILE,https://i.ytimg.com/vi/a7WGLX4v9Kw/hqdefault.jpg?sqp=-oaymwEjCNACELwBSFryq4qpAxUIARUAAAAAGAElAADIQj0AgKJDeAE=&rs=AOn4CLDv-OBjU3iVo8pXnR0d0HXs6uaA5Q,https://www.youtube.com/watch?v=a7WGLX4v9Kw
Vzdpr4xV5DQ,#01 Lógica com React – Laço de Repetição FOR,https://i.ytimg.com/vi/Vzdpr4xV5DQ/hqdefault.jpg?sqp=-oaymwEjCNACELwBSFryq4qpAxUIARUAAAAAGAElAADIQj0AgKJDeAE=&rs=AOn4CLC1xjCv34CpYFEr2Jix8YN__-xjCg,https://www.youtube.com/watch?v=Vzdpr4xV5DQ
msE2pFVtGz8,2 Mini Projetos com Node.js e JSON | Persistência de Dados na Prática com Express,https://i.ytimg.com/vi/msE2pFVtGz8/hqdefault.jpg?sqp=-oaymwEjCNACELwBSFryq4qpAxUIARUAAAAAGAElAADIQj0AgKJDeAE=&rs=AOn4CLCmz7Z3nB0b545pMsb4BHyPgP5VmA,https://www.youtube.com/watch?v=msE2pFVtGz8
4JU2Q9OZD6A,#05 Lógica com React – Simulador de Clima com Switch Case,https://i.ytimg.com/vi/4JU2Q9OZD6A/hqdefault.jpg?sqp=-oaymwEjCNACELwBSFryq4qpAxUIARUAAAAAGAElAADIQj0AgKJDeAE=&rs=AOn4CLB_QsFsS-qVBIAH0138UyU46Xf5AA,https://www.youtube.com/watch?v=4JU2Q9OZD6A
MwcqXv-ZRZw,#04 Lógica com React – Mini calculadora com Switch Case,https://i.ytimg.com/vi/MwcqXv-ZRZw/hqdefault.jpg?sqp=-oaymwEjCNACELwBSFryq4qpAxUIARUAAAAAGAElAADIQj0AgKJDeAE=&rs=AOn4CLD5pJX5RRhFJ6P85hBzvYtiE-I4eA,https://www.youtube.com/watch?v=MwcqXv-ZRZw
_0E1BJHm05c,#03 Lógica com React – Classificador de notas com Switch Case,https://i.ytimg.com/vi/_0E1BJHm05c/hqdefault.jpg?sqp=-oaymwEjCNACELwBSFryq4qpAxUIARUAAAAAGAElAADIQj0AgKJDeAE=&rs=AOn4CLA_YMu7avlkscN4H-Ye9IulPPaK9A,https://www.youtube.com/watch?v=_0E1BJHm05c
khl82HhlSHI,#02 Lógica com React –Renderizando Componentes com Switch Case,https://i.ytimg.com/vi/khl82HhlSHI/hqdefault.jpg?sqp=-oaymwEjCNACELwBSFryq4qpAxUIARUAAAAAGAElAADIQj0AgKJDeAE=&rs=AOn4CLCHJAmY2WSgEmv2q8q3f2NSx6QPVw,https://www.youtube.com/watch?v=khl82HhlSHI
AL4ffb7NBF4,2 Projetos COMPLETOS com Node.js — CRUD com MySQL + Consumo de APIs (Do Zero à Prática),https://i.ytimg.com/vi/AL4ffb7NBF4/hqdefault.jpg?sqp=-oaymwEjCNACELwBSFryq4qpAxUIARUAAAAAGAElAADIQj0AgKJDeAE=&rs=AOn4CLBq_lGe-WB5VlAWfYT6rmIE_ZRwsw,https://www.youtube.com/watch?v=AL4ffb7NBF4
N1Log24kCMY,#01 Lógica com React – Básico de Estrutura Switch Case,https://i.ytimg.com/vi/N1Log24kCMY/hqdefault.jpg?sqp=-oaymwEjCNACELwBSFryq4qpAxUIARUAAAAAGAElAADIQj0AgKJDeAE=&rs=AOn4CLAcKX8njLyrtywzr1ivZtumgPxG7A,https://www.youtube.com/watch?v=N1Log24kCMY
z9YVlfXW9cE,#06 Condicional com ESTADO no React — Curso de React do Zero ao Avançado,https://i.ytimg.com/vi/z9YVlfXW9cE/hqdefault.jpg?sqp=-oaymwEjCNACELwBSFryq4qpAxUIARUAAAAAGAElAADIQj0AgKJDeAE=&rs=AOn4CLDhMhknx1A9HFfG3DxJ8zfAf-0hoQ,https://www.youtube.com/watch?v=z9YVlfXW9cE
k3SUSxp47WQ,#05 Condicional com INPUT no React — Curso de React do Zero ao Avançado,https://i.ytimg.com/vi/k3SUSxp47WQ/hqdefault.jpg?sqp=-oaymwEjCNACELwBSFryq4qpAxUIARUAAAAAGAElAADIQj0AgKJDeAE=&rs=AOn4CLBq9ODZIJZKA--rELKpPnZy7kI5KQ,https://www.youtube.com/watch?v=k3SUSxp47WQ
dDoyo8fJtko,#04 Condicional TERNÁRIA no React — Curso de React do Zero ao Avançado,https://i.ytimg.com/vi/dDoyo8fJtko/hqdefault.jpg?sqp=-oaymwEjCNACELwBSFryq4qpAxUIARUAAAAAGAElAADIQj0AgKJDeAE=&rs=AOn4CLBoMZ9BVfE5i2HLOXj1m8c3A81XmQ,https://www.youtube.com/watch?v=dDoyo8fJtko
ltV8GYKDuY8,#03 Condicional ANINHADA no React — Curso de React do Zero ao Avançado,https://i.ytimg.com/vi/ltV8GYKDuY8/hqdefault.jpg?sqp=-oaymwEjCNACELwBSFryq4qpAxUIARUAAAAAGAElAADIQj0AgKJDeAE=&rs=AOn4CLDkF7hYDjIcNn7ume4oJ_GVSr89Dw,https://www.youtube.com/watch?v=ltV8GYKDuY8
9DEwaMcxes4,#02 Condicional COMPOSTA no React — Curso de React do Zero ao Avançado,https://i.ytimg.com/vi/9DEwaMcxes4/hqdefault.jpg?sqp=-oaymwEjCNACELwBSFryq4qpAxUIARUAAAAAGAElAADIQj0AgKJDeAE=&rs=AOn4CLDSeHYcSzF55VCoA9SQqApNue2AfA,https://www.youtube.com/watch?v=9DEwaMcxes4
qq3VyjZhup4,#01 Condicional SIMPLES no React — Curso de React do Zero ao Avançado,https://i.ytimg.com/vi/qq3VyjZhup4/hqdefault.jpg?sqp=-oaymwEjCNACELwBSFryq4qpAxUIARUAAAAAGAElAADIQj0AgKJDeAE=&rs=AOn4CLC9tOXj5RGK5REXVCxII3NiHKWsVQ,https://www.youtube.com/watch?v=qq3VyjZhup4
wwXTVfQehg0,#00 Build inicial com Vite — Curso de React do Zero ao Avançado,https://i.ytimg.com/vi/wwXTVfQehg0/hqdefault.jpg?sqp=-oaymwEjCNACELwBSFryq4qpAxUIARUAAAAAGAElAADIQj0AgKJDeAE=&rs=AOn4CLBrHtNFlwBhZwdgZM_1IZ9zUX2Ggw,https://www.youtube.com/watch?v=wwXTVfQehg0
T9BUCAcIYjE,Trigger MySQL com Backend e Frontend | Mini Projeto Completo,https://i.ytimg.com/vi/T9BUCAcIYjE/hqdefault.jpg?sqp=-oaymwEjCNACELwBSFryq4qpAxUIARUAAAAAGAElAADIQj0AgKJDeAE=&rs=AOn4CLBVMR5T7FCUQF6ZtbwdDip3guCLCA,https://www.youtube.com/watch?v=T9BUCAcIYjE
aHUJ2BNPGE4,MongoDB na Nuvem GRÁTIS! Como Criar um Cluster no MongoDB Atlas para Testes e Projetos,https://i.ytimg.com/vi/aHUJ2BNPGE4/hqdefault.jpg?sqp=-oaymwEjCNACELwBSFryq4qpAxUIARUAAAAAGAElAADIQj0AgKJDeAE=&rs=AOn4CLB3aQQjtKuSIktP0Imn5GK8HRCL2A,https://www.youtube.com/watch?v=aHUJ2BNPGE4
09FynH2tKcc,2 Lives de JavaScript em 1 Vídeo: Google Charts + Calculadora de Juros Compostos,https://i.ytimg.com/vi/09FynH2tKcc/hqdefault.jpg?sqp=-oaymwEjCNACELwBSFryq4qpAxUIARUAAAAAGAElAADIQj0AgKJDeAE=&rs=AOn4CLAGrQXZy_J3Czse2G6XLLtbYUkj1Q,https://www.youtube.com/watch?v=09FynH2tKcc
vp-nWVkJrrU,Introdução ao Gerenciamento de Projetos para Desenvolvimento de Sistemas | Projeto e Métodos Ágeis,https://i.ytimg.com/vi/vp-nWVkJrrU/hqdefault.jpg?sqp=-oaymwEjCNACELwBSFryq4qpAxUIARUAAAAAGAElAADIQj0AgKJDeAE=&rs=AOn4CLCLS3gNJ1Mjcsb1yA1Gcc3MGySPZw,https://www.youtube.com/watch?v=vp-nWVkJrrU
VbhsDrM83F0,"Mini Projeto Cafeteria: Backend e Frontend com Node.js, Express e JSON",https://i.ytimg.com/vi/VbhsDrM83F0/hqdefault.jpg?sqp=-oaymwEjCNACELwBSFryq4qpAxUIARUAAAAAGAElAADIQj0AgKJDeAE=&rs=AOn4CLBWbJZvVJ8DleZmu14m0o8_vZJ7_Q,https://www.youtube.com/watch?v=VbhsDrM83F0
0TXJ_8NgZ7I,"MAP, FILTER e REDUCE no JavaScript de um jeito simples e direto!",https://i.ytimg.com/vi/0TXJ_8NgZ7I/hqdefault.jpg?sqp=-oaymwEjCNACELwBSFryq4qpAxUIARUAAAAAGAElAADIQj0AgKJDeAE=&rs=AOn4CLBxTIPlpRC0cPGiW-aCsTe3WU9_Ew,https://www.youtube.com/watch?v=0TXJ_8NgZ7I
_JrcYyPk4CA,Initial Setup of a Node.js Project with Express and MySQL (Step by Step),https://i.ytimg.com/vi/_JrcYyPk4CA/hqdefault.jpg?sqp=-oaymwEjCNACELwBSFryq4qpAxUIARUAAAAAGAElAADIQj0AgKJDeAE=&rs=AOn4CLCstT5kVpKKAqeuT3ukELHnsv-bYA,https://www.youtube.com/watch?v=_JrcYyPk4CA
OUAyY-AXEsI,JSON na Prática com Node.js e Express | Estrutura de Dados + Mini Projeto Completo,https://i.ytimg.com/vi/OUAyY-AXEsI/hqdefault.jpg?sqp=-oaymwEjCNACELwBSFryq4qpAxUIARUAAAAAGAElAADIQj0AgKJDeAE=&rs=AOn4CLCgGxAxSz_NElzjVEbZu0Sg98k4nQ,https://www.youtube.com/watch?v=OUAyY-AXEsI
r8VbhMJtkW0,"Mini Projeto Completo: Sistema de Tarefas com Node.js, Express e MySQL",https://i.ytimg.com/vi/r8VbhMJtkW0/hqdefault.jpg?sqp=-oaymwEjCNACELwBSFryq4qpAxUIARUAAAAAGAElAADIQj0AgKJDeAE=&rs=AOn4CLCl7mJV-CA11OTFylbw_JeIUsTvow,https://www.youtube.com/watch?v=r8VbhMJtkW0
HwKkNbov6lI,Curso Completo de MySQL — Do Básico ao Intermediário na Prática!,https://i.ytimg.com/vi/HwKkNbov6lI/hqdefault.jpg?sqp=-oaymwEjCNACELwBSFryq4qpAxUIARUAAAAAGAElAADIQj0AgKJDeAE=&rs=AOn4CLClDK1-kBGoDgYF-v6mUy4wl0WttQ,https://www.youtube.com/watch?v=HwKkNbov6lI
EcXbS17wo5E,"Mini Projeto Full Stack: Autor e Postagens com Node.js, Express, MySQL e Inner Join |  Completo",https://i.ytimg.com/vi/EcXbS17wo5E/hqdefault.jpg?sqp=-oaymwEjCNACELwBSFryq4qpAxUIARUAAAAAGAElAADIQj0AgKJDeAE=&rs=AOn4CLDOA7CTZFO-EfmFidlw07yYKtoOLA,https://www.youtube.com/watch?v=EcXbS17wo5E
JHRtsQqOHJ4,"Bug Fix! Hotel System with Node.js, Express and Polymorphism",https://i.ytimg.com/vi/JHRtsQqOHJ4/hqdefault.jpg?sqp=-oaymwEjCNACELwBSFryq4qpAxUIARUAAAAAGAElAADIQj0AgKJDeAE=&rs=AOn4CLCGL7MXOT850NEiiWSYmz6nLkD6Rg,https://www.youtube.com/watch?v=JHRtsQqOHJ4
3F6IUmWmpAU,MVC na Prática: Backend em TypeScript + Frontend em JavaScript | Projeto em 3 Lives (MySQL),https://i.ytimg.com/vi/3F6IUmWmpAU/hqdefault.jpg?sqp=-oaymwEjCNACELwBSFryq4qpAxUIARUAAAAAGAElAADIQj0AgKJDeAE=&rs=AOn4CLC59h_GtRz8vzXXsj9iOGw8IVsAqQ,https://www.youtube.com/watch?v=3F6IUmWmpAU
pe4wJdgKI0U,"3 Projetos COMPLETOS em JavaScript – Barbearia, Espa e Recuperar Senha (Curso Prático 3h)",https://i.ytimg.com/vi/pe4wJdgKI0U/hqdefault.jpg?sqp=-oaymwEjCNACELwBSFryq4qpAxUIARUAAAAAGAElAADIQj0AgKJDeAE=&rs=AOn4CLC_YHXAbk0Oj6-Ff6y0QSn8x5rXpA,https://www.youtube.com/watch?v=pe4wJdgKI0U
65zCGwiByAI,Lógica de Programação: A Chave Para Aprender QUALQUER Linguagem!,https://i.ytimg.com/vi/65zCGwiByAI/hqdefault.jpg?sqp=-oaymwEjCNACELwBSFryq4qpAxUIARUAAAAAGAElAADIQj0AgKJDeAE=&rs=AOn4CLAYQ59DVd0AVxBGXr5i171XbHR6Iw,https://www.youtube.com/watch?v=65zCGwiByAI
bOms8jywvjE,Aprenda REGEX no JavaScript em 4 Minutos — Simples e Direto!,https://i.ytimg.com/vi/bOms8jywvjE/hqdefault.jpg?sqp=-oaymwEjCNACELwBSFryq4qpAxUIARUAAAAAGAElAADIQj0AgKJDeAE=&rs=AOn4CLBXlqlWh41yxzA26sN281_Y2VffCw,https://www.youtube.com/watch?v=bOms8jywvjE
PaDLuveW_gM,Mobile First: O Segredo para Fazer Formulários RESPONSIVOS e RÁPIDOS,https://i.ytimg.com/vi/PaDLuveW_gM/hqdefault.jpg?sqp=-oaymwEjCNACELwBSFryq4qpAxUIARUAAAAAGAElAADIQj0AgKJDeAE=&rs=AOn4CLB4fRBhL92yNVIamEoKbzEH57X4Gg,https://www.youtube.com/watch?v=PaDLuveW_gM
YPJiBWfovZE,Precisa de faculdade pra ser programador? A VERDADE que ninguém te conta!,https://i.ytimg.com/vi/YPJiBWfovZE/hqdefault.jpg?sqp=-oaymwEjCNACELwBSFryq4qpAxUIARUAAAAAGAElAADIQj0AgKJDeAE=&rs=AOn4CLBJsmYy4lZD_OZv-4QBxBmZF_MHdQ,https://www.youtube.com/watch?v=YPJiBWfovZE
hBWwYZkCDwU,Como Fazer SUMÁRIO AUTOMÁTICO e Numerar Páginas a Partir da Página 3 (Guia 2025),https://i.ytimg.com/vi/hBWwYZkCDwU/hqdefault.jpg?sqp=-oaymwEjCNACELwBSFryq4qpAxUIARUAAAAAGAElAADIQj0AgKJDeAE=&rs=AOn4CLC4BGtAA1-ullzY7uxzCkj4ybMeig,https://www.youtube.com/watch?v=hBWwYZkCDwU
JlKspbLwO34,O Segredo do FINALLY no Tratamento de Erros de JS (e por que ele salva sua Conexão com o Banco),https://i.ytimg.com/vi/JlKspbLwO34/hqdefault.jpg?sqp=-oaymwEjCNACELwBSFryq4qpAxUIARUAAAAAGAElAADIQj0AgKJDeAE=&rs=AOn4CLDP0fbmwvXb-rdYgCCVrLyQNdJZ8w,https://www.youtube.com/watch?v=JlKspbLwO34
F3znOeKVIaI,Como Instalar o Pacote Office no Windows 11 #microsoft #pacoteoffice #word #excel,https://i.ytimg.com/vi/F3znOeKVIaI/hqdefault.jpg?sqp=-oaymwEjCNACELwBSFryq4qpAxUIARUAAAAAGAElAADIQj0AgKJDeAE=&rs=AOn4CLCNM3AtlZEoidCWEOdiXmKzDh5BRQ,https://www.youtube.com/watch?v=F3znOeKVIaI
lv-wNixBvNs,Integração entre APIs: Versículos em Inglês Traduzidos para Português,https://i.ytimg.com/vi/lv-wNixBvNs/hqdefault.jpg?sqp=-oaymwEjCNACELwBSFryq4qpAxUIARUAAAAAGAElAADIQj0AgKJDeAE=&rs=AOn4CLAKVqiujoYjbEwRJytwYCOcqsstPQ,https://www.youtube.com/watch?v=lv-wNixBvNs
t2DpJkuL46Y,5 Projetos Fullstack em JavaScript Para Virar Pró na Programação,https://i.ytimg.com/vi/t2DpJkuL46Y/hqdefault.jpg?sqp=-oaymwEjCNACELwBSFryq4qpAxUIARUAAAAAGAElAADIQj0AgKJDeAE=&rs=AOn4CLC2K_4M3vaTbbs_w-epAjvpZJqdwg,https://www.youtube.com/watch?v=t2DpJkuL46Y
ic2QR55zR5Q,Por Que a Tipagem É Tão Importante no TypeScript?,https://i.ytimg.com/vi/ic2QR55zR5Q/hqdefault.jpg?sqp=-oaymwEjCNACELwBSFryq4qpAxUIARUAAAAAGAElAADIQj0AgKJDeAE=&rs=AOn4CLBbycfHIyiKjEiDFFoB86dNU5o96w,https://www.youtube.com/watch?v=ic2QR55zR5Q
d5IwbrWLJqA,O Erro de Quem Começa Python (E Como Evitar),https://i.ytimg.com/vi/d5IwbrWLJqA/hqdefault.jpg?sqp=-oaymwEjCNACELwBSFryq4qpAxUIARUAAAAAGAElAADIQj0AgKJDeAE=&rs=AOn4CLA9BqLKFFJyvTYmrl1WSV0-GuSVww,https://www.youtube.com/watch?v=d5IwbrWLJqA
XiRtmYpC7os,Como Ter Experiência em Programação Sem Emprego?,https://i.ytimg.com/vi/XiRtmYpC7os/hqdefault.jpg?sqp=-oaymwEjCNACELwBSFryq4qpAxUIARUAAAAAGAElAADIQj0AgKJDeAE=&rs=AOn4CLAv6i6WmqCwcLu-KKpr10h63pznUA,https://www.youtube.com/watch?v=XiRtmYpC7os
X_ZY5XZmHjY,É Possível Programar Só com o Celular? Testei Aqui!,https://i.ytimg.com/vi/X_ZY5XZmHjY/hqdefault.jpg?sqp=-oaymwEjCNACELwBSFryq4qpAxUIARUAAAAAGAElAADIQj0AgKJDeAE=&rs=AOn4CLD8Ne7Q_RnBQB3cVhEge8_N7NSvIA,https://www.youtube.com/watch?v=X_ZY5XZmHjY
mV___Db4jRQ,"Projeto Finalizado com TypeScript, Node.js e Express | Mini Sistema Completo",https://i.ytimg.com/vi/mV___Db4jRQ/hqdefault.jpg?sqp=-oaymwEjCNACELwBSFryq4qpAxUIARUAAAAAGAElAADIQj0AgKJDeAE=&rs=AOn4CLBBpuXJAdgHimIq8w6gXrSUCrKdeQ,https://www.youtube.com/watch?v=mV___Db4jRQ
jQowz6U-q0Y,JavaScript ou TypeScript? O Que Você Deve Aprender Primeiro,https://i.ytimg.com/vi/jQowz6U-q0Y/hqdefault.jpg?sqp=-oaymwEjCNACELwBSFryq4qpAxUIARUAAAAAGAElAADIQj0AgKJDeAE=&rs=AOn4CLD6cpAPpnl_lxAtBP2WVFNOQGCzNw,https://www.youtube.com/watch?v=jQowz6U-q0Y
rHG6GNG5bwc,Type ou Interface no TypeScript? O Erro que Muitos Cometem,https://i.ytimg.com/vi/rHG6GNG5bwc/hqdefault.jpg?sqp=-oaymwEjCNACELwBSFryq4qpAxUIARUAAAAAGAElAADIQj0AgKJDeAE=&rs=AOn4CLD4igetyWaDyNxRI6bynOwgFlucKw,https://www.youtube.com/watch?v=rHG6GNG5bwc
ag1jOXuq1p4,Faculdade x Certificação: O Que Escolher Primeiro?,https://i.ytimg.com/vi/ag1jOXuq1p4/hqdefault.jpg?sqp=-oaymwEjCNACELwBSFryq4qpAxUIARUAAAAAGAElAADIQj0AgKJDeAE=&rs=AOn4CLCNTzp2VVKn6-MZbefB4WPO1qakFw,https://www.youtube.com/watch?v=ag1jOXuq1p4
K6wt8x6aPwA,"Se o TypeScript é JavaScript, por que esse erro acontece?",https://i.ytimg.com/vi/K6wt8x6aPwA/hqdefault.jpg?sqp=-oaymwEjCNACELwBSFryq4qpAxUIARUAAAAAGAElAADIQj0AgKJDeAE=&rs=AOn4CLCJJ0d32cfYY2aobjn92rrzjwV_jQ,https://www.youtube.com/watch?v=K6wt8x6aPwA
AQRO9bqEEGQ,TypeScript Atualizou e Agora Pode Dar Erro (Veja Como Resolver),https://i.ytimg.com/vi/AQRO9bqEEGQ/hqdefault.jpg?sqp=-oaymwEjCNACELwBSFryq4qpAxUIARUAAAAAGAElAADIQj0AgKJDeAE=&rs=AOn4CLCDnoU9ktjQLxQXf4yYHfu_Oz0B7g,https://www.youtube.com/watch?v=AQRO9bqEEGQ
xE161rE-0Ic,"Sem Teste e Qualidade, Você Não Vai Longe",https://i.ytimg.com/vi/xE161rE-0Ic/hqdefault.jpg?sqp=-oaymwEjCNACELwBSFryq4qpAxUIARUAAAAAGAElAADIQj0AgKJDeAE=&rs=AOn4CLA8x6iTTO5LgFVsWsvKQppit5zZxw,https://www.youtube.com/watch?v=xE161rE-0Ic
snq0e6hfQbM,Por Que As Pessoas DESISTEM da Programação?,https://i.ytimg.com/vi/snq0e6hfQbM/hqdefault.jpg?sqp=-oaymwEjCNACELwBSFryq4qpAxUIARUAAAAAGAElAADIQj0AgKJDeAE=&rs=AOn4CLDATZ21k60kL6Fzy2leCZKlX_OF-g,https://www.youtube.com/watch?v=snq0e6hfQbM
0Q-Y7bsqFvM,Por que começar pela Lógica antes do JSON?,https://i.ytimg.com/vi/0Q-Y7bsqFvM/hqdefault.jpg?sqp=-oaymwEjCNACELwBSFryq4qpAxUIARUAAAAAGAElAADIQj0AgKJDeAE=&rs=AOn4CLAAIagOlITCTj3vhgmGN3To1h6lsw,https://www.youtube.com/watch?v=0Q-Y7bsqFvM
eg0yDl3dckc,Como Conectar o MYSQL NO VS CODE ?,https://i.ytimg.com/vi/eg0yDl3dckc/hqdefault.jpg?sqp=-oaymwEjCNACELwBSFryq4qpAxUIARUAAAAAGAElAADIQj0AgKJDeAE=&rs=AOn4CLBzHcAGHyDd-8di_ckbzZL2ekN_gg,https://www.youtube.com/watch?v=eg0yDl3dckc
x7MtFUbupYA,JSON na Prática:  Estrutura de Dados,https://i.ytimg.com/vi/x7MtFUbupYA/hqdefault.jpg?sqp=-oaymwEjCNACELwBSFryq4qpAxUIARUAAAAAGAElAADIQj0AgKJDeAE=&rs=AOn4CLBHXP8S6jRtRJW1sUt7vb9z-bN7pg,https://www.youtube.com/watch?v=x7MtFUbupYA
ol7AOci9RF4,Não espere anos para começar a programar,https://i.ytimg.com/vi/ol7AOci9RF4/hqdefault.jpg?sqp=-oaymwEjCNACELwBSFryq4qpAxUIARUAAAAAGAElAADIQj0AgKJDeAE=&rs=AOn4CLC4dnYADCeK3WiGq5nPuiwG4Gp0Ng,https://www.youtube.com/watch?v=ol7AOci9RF4
ektmu6-sHEQ,Orientação a Objetos com JavaScript Node.Js e Express,https://i.ytimg.com/vi/ektmu6-sHEQ/hqdefault.jpg?sqp=-oaymwEjCNACELwBSFryq4qpAxUIARUAAAAAGAElAADIQj0AgKJDeAE=&rs=AOn4CLDf9g5IeOkR2R8Rv58W2EPRXsHToA,https://www.youtube.com/watch?v=ektmu6-sHEQ
i41ZC9W2P3s,"Corte Projeto Veterinário com Node.js, Express e MySQL",https://i.ytimg.com/vi/i41ZC9W2P3s/hqdefault.jpg?sqp=-oaymwEjCNACELwBSFryq4qpAxUIARUAAAAAGAElAADIQj0AgKJDeAE=&rs=AOn4CLAv7-i2yIo7L7aaz_ZrTkBJBWERCQ,https://www.youtube.com/watch?v=i41ZC9W2P3s
rz45O6CVpTA,"Introdução ao Banco de Dados MySQL: Relacionamentos, PK e FK com Código e Interface Gráfica",https://i.ytimg.com/vi/rz45O6CVpTA/hqdefault.jpg?sqp=-oaymwEjCNACELwBSFryq4qpAxUIARUAAAAAGAElAADIQj0AgKJDeAE=&rs=AOn4CLCoiz9yLuXr3Q0j8vp_D4XYRAYyrg,https://www.youtube.com/watch?v=rz45O6CVpTA
tuNZMiOqJfo,MySQL com Node.js e Express | Triggers no Banco de Dados,https://i.ytimg.com/vi/tuNZMiOqJfo/hqdefault.jpg?sqp=-oaymwEjCNACELwBSFryq4qpAxUIARUAAAAAGAElAADIQj0AgKJDeAE=&rs=AOn4CLDC3EGtaZh2PQ7ylSx4efHebAZunA,https://www.youtube.com/watch?v=tuNZMiOqJfo
9wBd2PvlEwM,MVC na prática com TypeScript e  MySql,https://i.ytimg.com/vi/9wBd2PvlEwM/hqdefault.jpg?sqp=-oaymwEjCNACELwBSFryq4qpAxUIARUAAAAAGAElAADIQj0AgKJDeAE=&rs=AOn4CLBVZk04jS3KxmpAt7oHYB7-0H4HLg,https://www.youtube.com/watch?v=9wBd2PvlEwM
0FJCT2_hufk,Função Assíncrona com JavaScript explicado na prática,https://i.ytimg.com/vi/0FJCT2_hufk/hqdefault.jpg?sqp=-oaymwEjCNACELwBSFryq4qpAxUIARUAAAAAGAElAADIQj0AgKJDeAE=&rs=AOn4CLAa-NMmA9ZPMUcuB_j72hC8ay5Z3Q,https://www.youtube.com/watch?v=0FJCT2_hufk
sGNd5BruMMY,"Orientação a Objetos com JavaScript na Nuvem: Objetos, Herança e Módulos",https://i.ytimg.com/vi/sGNd5BruMMY/hqdefault.jpg?sqp=-oaymwEjCNACELwBSFryq4qpAxUIARUAAAAAGAElAADIQj0AgKJDeAE=&rs=AOn4CLB5TSs3hbmLxv_xhcvl4UfHH9WUag,https://www.youtube.com/watch?v=sGNd5BruMMY
jhK-6qexT_0,Como Conectar JavaScript ao MySQL,https://i.ytimg.com/vi/jhK-6qexT_0/hqdefault.jpg?sqp=-oaymwEjCNACELwBSFryq4qpAxUIARUAAAAAGAElAADIQj0AgKJDeAE=&rs=AOn4CLBu_eyMIpIUsXePQDZAVlT2cgQUBw,https://www.youtube.com/watch?v=jhK-6qexT_0
lTeVdiwsKH4,Mini Projeto Barbearia: Node.js e MySQL em ação,https://i.ytimg.com/vi/lTeVdiwsKH4/hqdefault.jpg?sqp=-oaymwEjCNACELwBSFryq4qpAxUIARUAAAAAGAElAADIQj0AgKJDeAE=&rs=AOn4CLDP58S8XzkL32V_D2WM7RrAtlOKLQ,https://www.youtube.com/watch?v=lTeVdiwsKH4
ab307LAnvfY,Como Depurar um Backend Node.js Usando Cliente REST,https://i.ytimg.com/vi/ab307LAnvfY/hqdefault.jpg?sqp=-oaymwEjCNACELwBSFryq4qpAxUIARUAAAAAGAElAADIQj0AgKJDeAE=&rs=AOn4CLDqGNghd06zeprYg2J68ZBsLSo8dQ,https://www.youtube.com/watch?v=ab307LAnvfY
UgpryP8W-dM,Como Fazer Backup no MySQL | Passo a Passo Simples e Rápido,https://i.ytimg.com/vi/UgpryP8W-dM/hqdefault.jpg?sqp=-oaymwEjCNACELwBSFryq4qpAxUIARUAAAAAGAElAADIQj0AgKJDeAE=&rs=AOn4CLCCw-J008iledXfl9ip1drk1XXy1A,https://www.youtube.com/watch?v=UgpryP8W-dM
lnbGKqaKl9Y,"Banco de Dados MySQL: Relacionamentos, PK e FK com Código e Interface Gráfica",https://i.ytimg.com/vi/lnbGKqaKl9Y/hqdefault.jpg?sqp=-oaymwEjCNACELwBSFryq4qpAxUIARUAAAAAGAElAADIQj0AgKJDeAE=&rs=AOn4CLCad1FRpV65Rmh-EADi4DsLdNAFlQ,https://www.youtube.com/watch?v=lnbGKqaKl9Y
lCdo8XXNmHM,"Aprenda os Comandos Git em Minutos: Branch, Commit e Merge",https://i.ytimg.com/vi/lCdo8XXNmHM/hqdefault.jpg?sqp=-oaymwEjCNACELwBSFryq4qpAxUIARUAAAAAGAElAADIQj0AgKJDeAE=&rs=AOn4CLC2-81Yen20aHSUbF_MtKGr6xg93g,https://www.youtube.com/watch?v=lCdo8XXNmHM
adMbLA4x3-M,Banco de Dados Grátis na Nuvem com Supabase (Passo a Passo Atualizado 2025),https://i.ytimg.com/vi/adMbLA4x3-M/hqdefault.jpg?sqp=-oaymwEjCNACELwBSFryq4qpAxUIARUAAAAAGAElAADIQj0AgKJDeAE=&rs=AOn4CLB1QhJ_s8i2eyXdT99Dp6vx6yzFdw,https://www.youtube.com/watch?v=adMbLA4x3-M
vZNdhwdW4_g,Como Criar um App no Gmail (Senha de App) para Envio de Emails,https://i.ytimg.com/vi/vZNdhwdW4_g/hqdefault.jpg?sqp=-oaymwEjCNACELwBSFryq4qpAxUIARUAAAAAGAElAADIQj0AgKJDeAE=&rs=AOn4CLDDo_u6wwWKHuyMO_zqL9eNitT5Mw,https://www.youtube.com/watch?v=vZNdhwdW4_g
6MgfMjnwpP0,Live MVC com TypeScript e MySql Aula Prática - Parte 02,https://i.ytimg.com/vi/6MgfMjnwpP0/hqdefault.jpg?sqp=-oaymwEjCNACELwBSFryq4qpAxUIARUAAAAAGAElAADIQj0AgKJDeAE=&rs=AOn4CLCFDvPcMbZuST0-eFpKtrWfyreKOQ,https://www.youtube.com/watch?v=6MgfMjnwpP0
1ceZhH_XMTU,Tutorial Passo a Passo Como Espelhar Celular Android na TV com Cabo HDMI Sem MHL,https://i.ytimg.com/vi/1ceZhH_XMTU/hqdefault.jpg?sqp=-oaymwEjCNACELwBSFryq4qpAxUIARUAAAAAGAElAADIQj0AgKJDeAE=&rs=AOn4CLD_k54fMLYtoo55zCCgog0WApdx-A,https://www.youtube.com/watch?v=1ceZhH_XMTU
5bj_mcVFfMo,Aula prática Vetor Bidimensional  Matriz com Node.Js e Mini Projeto,https://i.ytimg.com/vi/5bj_mcVFfMo/hqdefault.jpg?sqp=-oaymwEjCNACELwBSFryq4qpAxUIARUAAAAAGAElAADIQj0AgKJDeAE=&rs=AOn4CLDgCmazORvmiLWwGR9YRURT4dCMkQ,https://www.youtube.com/watch?v=5bj_mcVFfMo
DbFAChd1WYE,Live Projeto Prático com JavaScript Avançado,https://i.ytimg.com/vi/DbFAChd1WYE/hqdefault.jpg?sqp=-oaymwEjCNACELwBSFryq4qpAxUIARUAAAAAGAElAADIQj0AgKJDeAE=&rs=AOn4CLBSbHVQB1NbleRcDxz1D7bWgsyysw,https://www.youtube.com/watch?v=DbFAChd1WYE
Vl6lOw9pjXk,JavaScript com POO: Aprenda de Forma Fácil e Prática!,https://i.ytimg.com/vi/Vl6lOw9pjXk/hqdefault.jpg?sqp=-oaymwEjCNACELwBSFryq4qpAxUIARUAAAAAGAElAADIQj0AgKJDeAE=&rs=AOn4CLDRKQepfnsuGD-HxYi3esCe_aVfUQ,https://www.youtube.com/watch?v=Vl6lOw9pjXk
F6HW38qIYV0,Como espelhar QUALQUER Android na TV via HDMI (sem lag ou travamentos),https://i.ytimg.com/vi/F6HW38qIYV0/hqdefault.jpg?sqp=-oaymwEjCNACELwBSFryq4qpAxUIARUAAAAAGAElAADIQj0AgKJDeAE=&rs=AOn4CLCVRxOeHNjTPZRQTfR10ewjSl_fjA,https://www.youtube.com/watch?v=F6HW38qIYV0
Yuc1BX9Quk0,POO com TypeScript na PRÁTICA,https://i.ytimg.com/vi/Yuc1BX9Quk0/hqdefault.jpg?sqp=-oaymwEjCNACELwBSFryq4qpAxUIARUAAAAAGAElAADIQj0AgKJDeAE=&rs=AOn4CLDCHTWYTaUfnGBqh5dri6ioV-PnkQ,https://www.youtube.com/watch?v=Yuc1BX9Quk0
MMHGmiybZRk,Essa É a API que Todo Iniciante Deveria Aprender (Node.js + Express),https://i.ytimg.com/vi/MMHGmiybZRk/hqdefault.jpg?sqp=-oaymwEjCNACELwBSFryq4qpAxUIARUAAAAAGAElAADIQj0AgKJDeAE=&rs=AOn4CLBzv-ke9aFU_dfLQuC_oBTkcccyvQ,https://www.youtube.com/watch?v=MMHGmiybZRk
IsZnuPBUt8o,Aprenda JavaScript na Nuvem: Codifique Sem Instalar Nada!,https://i.ytimg.com/vi/IsZnuPBUt8o/hqdefault.jpg?sqp=-oaymwEjCNACELwBSFryq4qpAxUIARUAAAAAGAElAADIQj0AgKJDeAE=&rs=AOn4CLDTFYYSfxaV3VfdILPDl-RAKleKMQ,https://www.youtube.com/watch?v=IsZnuPBUt8o
QDJHCuy9FGs,TDD com Mocha e Node.js: Desenvolva com Confiança e Zero Medo de Bugs!,https://i.ytimg.com/vi/QDJHCuy9FGs/hqdefault.jpg?sqp=-oaymwEjCNACELwBSFryq4qpAxUIARUAAAAAGAElAADIQj0AgKJDeAE=&rs=AOn4CLD6RppFwqHkNZ-uEtCkgBVuzgfrgQ,https://www.youtube.com/watch?v=QDJHCuy9FGs
F9XuJD43IcE,Aprenda o Laço FOR em JavaScript de Uma Vez por Todas!,https://i.ytimg.com/vi/F9XuJD43IcE/hqdefault.jpg?sqp=-oaymwEjCNACELwBSFryq4qpAxUIARUAAAAAGAElAADIQj0AgKJDeAE=&rs=AOn4CLDv8Vg9yKbzzqlgAfTobk6vdKSoMg,https://www.youtube.com/watch?v=F9XuJD43IcE
4GDKdVC_HSo,JavaScript na Prática: Curso AVANÇADO de JavaScript com MVC,https://i.ytimg.com/vi/4GDKdVC_HSo/hqdefault.jpg?sqp=-oaymwEjCNACELwBSFryq4qpAxUIARUAAAAAGAElAADIQj0AgKJDeAE=&rs=AOn4CLClZK-QQN14IQ40jr1ysZknvqQo6A,https://www.youtube.com/watch?v=4GDKdVC_HSo
v__DWbtwVxc,Curso Completo de JavaScript: Do Zero ao Avançado | Aprenda na Prática!,https://i.ytimg.com/vi/v__DWbtwVxc/hqdefault.jpg?sqp=-oaymwEjCNACELwBSFryq4qpAxUIARUAAAAAGAElAADIQj0AgKJDeAE=&rs=AOn4CLAw6RfrqBtWGjycZghHnWGreVdf6w,https://www.youtube.com/watch?v=v__DWbtwVxc
9Ew5Em9f224,Qualidade e Teste de Software com Jasmine no Node.js em 1 Minuto!,https://i.ytimg.com/vi/9Ew5Em9f224/hqdefault.jpg?sqp=-oaymwEjCNACELwBSFryq4qpAxUIARUAAAAAGAElAADIQj0AgKJDeAE=&rs=AOn4CLDNvGniKfbXO3oPcLANtYGoSFhOgA,https://www.youtube.com/watch?v=9Ew5Em9f224
O--RdP0xKao,O que é JSON (JavaScript Object Notation)? | Teoria Introdutória,https://i.ytimg.com/vi/O--RdP0xKao/hqdefault.jpg?sqp=-oaymwEjCNACELwBSFryq4qpAxUIARUAAAAAGAElAADIQj0AgKJDeAE=&rs=AOn4CLD5a54mcdVfW1GhVMCoGODy3zcWUQ,https://www.youtube.com/watch?v=O--RdP0xKao
SQ3xITXqvK4,Banco de Dados MySQL na Nuvem Grátis para Teste com Railway,https://i.ytimg.com/vi/SQ3xITXqvK4/hqdefault.jpg?sqp=-oaymwEjCNACELwBSFryq4qpAxUIARUAAAAAGAElAADIQj0AgKJDeAE=&rs=AOn4CLB_gGMZmBlzrFAkbKiCbhYaANaKhg,https://www.youtube.com/watch?v=SQ3xITXqvK4
Z-gOGgl30p4,JavaScript na Prática: Curso Intermediário de JavaScript,https://i.ytimg.com/vi/Z-gOGgl30p4/hqdefault.jpg?sqp=-oaymwEjCNACELwBSFryq4qpAxUIARUAAAAAGAElAADIQj0AgKJDeAE=&rs=AOn4CLCQ1Bd6zz9RTKsA_td4vbypreNdeA,https://www.youtube.com/watch?v=Z-gOGgl30p4
mAG2MGeDTDc,JavaScript na Prática: Domine Algoritmos e Potencialize Suas Habilidades de Programação!,https://i.ytimg.com/vi/mAG2MGeDTDc/hqdefault.jpg?sqp=-oaymwEjCNACELwBSFryq4qpAxUIARUAAAAAGAElAADIQj0AgKJDeAE=&rs=AOn4CLDlnWYODwCFEyA9t0Dtiu4tgJyjfQ,https://www.youtube.com/watch?v=mAG2MGeDTDc
50CoyU79O2Y,Como usar JWT para autenticar seu app Node.js (PASSO A PASSO),https://i.ytimg.com/vi/50CoyU79O2Y/hqdefault.jpg?sqp=-oaymwEjCNACELwBSFryq4qpAxUIARUAAAAAGAElAADIQj0AgKJDeAE=&rs=AOn4CLCUGlH6Fnb66FhbNN1hIyp-f3h7iw,https://www.youtube.com/watch?v=50CoyU79O2Y
HQLoNjiEF8o,Funções de Array JavaScript - map()  #tutorial,https://i.ytimg.com/vi/HQLoNjiEF8o/hqdefault.jpg?sqp=-oaymwEjCNACELwBSFryq4qpAxUIARUAAAAAGAElAADIQj0AgKJDeAE=&rs=AOn4CLBz3ygTldYKmXI3k2Tr14sNQjO5mw,https://www.youtube.com/watch?v=HQLoNjiEF8o
ru3Kpi98-NQ,Python user input output,https://i.ytimg.com/vi/ru3Kpi98-NQ/hqdefault.jpg?sqp=-oaymwEjCNACELwBSFryq4qpAxUIARUAAAAAGAElAADIQj0AgKJDeAE=&rs=AOn4CLCdt4OO8u0bsijf30PszxNsC6MHLw,https://www.youtube.com/watch?v=ru3Kpi98-NQ
DNMH9lCa0lg,JavaScript Moderno: Como Usar Arrow Functions para Simplificar Seu Código,https://i.ytimg.com/vi/DNMH9lCa0lg/hqdefault.jpg?sqp=-oaymwEjCNACELwBSFryq4qpAxUIARUAAAAAGAElAADIQj0AgKJDeAE=&rs=AOn4CLCThar8-Fwf5Ht8sU_Ut7vKg0-EPQ,https://www.youtube.com/watch?v=DNMH9lCa0lg
Y5LmDEaYZgY,Seu Código Pode Estar em Risco! Aprenda Try Catch no JavaScript,https://i.ytimg.com/vi/Y5LmDEaYZgY/hqdefault.jpg?sqp=-oaymwEjCNACELwBSFryq4qpAxUIARUAAAAAGAElAADIQj0AgKJDeAE=&rs=AOn4CLCJ0DY4dpLILRsRLcomBom0lYmtgg,https://www.youtube.com/watch?v=Y5LmDEaYZgY
LuV-a6D8y6o,Criando e Manipulando Arrays no JavaScript: O Que Ninguém Te Explicou!,https://i.ytimg.com/vi/LuV-a6D8y6o/hqdefault.jpg?sqp=-oaymwEjCNACELwBSFryq4qpAxUIARUAAAAAGAElAADIQj0AgKJDeAE=&rs=AOn4CLCQVqN4Frwkn9IfV9CGDytTdzLyEA,https://www.youtube.com/watch?v=LuV-a6D8y6o
s0J89Q864ik,"Pare de Usar Loops! Aprenda Map, Filter e Reduce no JavaScript",https://i.ytimg.com/vi/s0J89Q864ik/hqdefault.jpg?sqp=-oaymwEjCNACELwBSFryq4qpAxUIARUAAAAAGAElAADIQj0AgKJDeAE=&rs=AOn4CLBxZiKlE3_7Z2x87LVTvDGGmlphUQ,https://www.youtube.com/watch?v=s0J89Q864ik
6f-vVeRl5qc,JavaScript na Prática: Como Criar e Manipular Elementos com Eventos,https://i.ytimg.com/vi/6f-vVeRl5qc/hqdefault.jpg?sqp=-oaymwEjCNACELwBSFryq4qpAxUIARUAAAAAGAElAADIQj0AgKJDeAE=&rs=AOn4CLAnRuUY7u7Ltv0ljH5kPql8wtgYFA,https://www.youtube.com/watch?v=6f-vVeRl5qc
_HN9abvvwwA,JavaScript na Prática: Como Capturar e Manipular Parâmetros da URL,https://i.ytimg.com/vi/_HN9abvvwwA/hqdefault.jpg?sqp=-oaymwEjCNACELwBSFryq4qpAxUIARUAAAAAGAElAADIQj0AgKJDeAE=&rs=AOn4CLCsrC52-PHkWFn89C5Hxvb3FrCU2g,https://www.youtube.com/watch?v=_HN9abvvwwA
BTC70iHnVLo,Encapsulamento com JavaScript | HASHTAG #cursojavascript,https://i.ytimg.com/vi/BTC70iHnVLo/hqdefault.jpg?sqp=-oaymwEjCNACELwBSFryq4qpAxUIARUAAAAAGAElAADIQj0AgKJDeAE=&rs=AOn4CLA4SyAR36KQVgVA5kUn56gR5eTvew,https://www.youtube.com/watch?v=BTC70iHnVLo
0Qv2FZF9C-E,Encapsulamento no JavaScript: O Segredo para Código Mais Organizado,https://i.ytimg.com/vi/0Qv2FZF9C-E/hqdefault.jpg?sqp=-oaymwEjCNACELwBSFryq4qpAxUIARUAAAAAGAElAADIQj0AgKJDeAE=&rs=AOn4CLAiypBZPoycPpMjzVjj56V_8I_1xA,https://www.youtube.com/watch?v=0Qv2FZF9C-E
QDBtju7K-K4,This no JavaScript: O Segredo para Manipular Objetos Corretamente,https://i.ytimg.com/vi/QDBtju7K-K4/hqdefault.jpg?sqp=-oaymwEjCNACELwBSFryq4qpAxUIARUAAAAAGAElAADIQj0AgKJDeAE=&rs=AOn4CLDec0W1MRG24ncTrV87kwKe3Vg6vA,https://www.youtube.com/watch?v=QDBtju7K-K4
FokaVF7JTxo,Você Ainda Não Usa o Filter no JavaScript? Veja Como Ele Facilita Seu Código!,https://i.ytimg.com/vi/FokaVF7JTxo/hqdefault.jpg?sqp=-oaymwEjCNACELwBSFryq4qpAxUIARUAAAAAGAElAADIQj0AgKJDeAE=&rs=AOn4CLCRRpawahjwVFNlmtIN0dA-4t_CUA,https://www.youtube.com/watch?v=FokaVF7JTxo
pqh-5BXc6Ho,"Const, Let e Var no JavaScript: O Que Ninguém Te Explicou!",https://i.ytimg.com/vi/pqh-5BXc6Ho/hqdefault.jpg?sqp=-oaymwEjCNACELwBSFryq4qpAxUIARUAAAAAGAElAADIQj0AgKJDeAE=&rs=AOn4CLA9LP_zSAKo4bzDg_kbWv5d67YC0A,https://www.youtube.com/watch?v=pqh-5BXc6Ho
TLBoqYpt_EY,Entenda o Loop do While no JavaScript (Exemplos Práticos),https://i.ytimg.com/vi/TLBoqYpt_EY/hqdefault.jpg?sqp=-oaymwEjCNACELwBSFryq4qpAxUIARUAAAAAGAElAADIQj0AgKJDeAE=&rs=AOn4CLBzETbL_kc7uAcDrlQ-lqQACPbQZw,https://www.youtube.com/watch?v=TLBoqYpt_EY
UjYssJMkNkk,Laço de repetição While JavaScript #cursojavascript,https://i.ytimg.com/vi/UjYssJMkNkk/hqdefault.jpg?sqp=-oaymwEjCNACELwBSFryq4qpAxUIARUAAAAAGAElAADIQj0AgKJDeAE=&rs=AOn4CLCcfEc4k9AjqGVPsUmCnI9_oxlE4w,https://www.youtube.com/watch?v=UjYssJMkNkk
B8V1YB_7BYc,JavaScript + MySQL: Como Criar Aplicações com Banco de Dados - PARTE4,https://i.ytimg.com/vi/B8V1YB_7BYc/hqdefault.jpg?sqp=-oaymwEjCNACELwBSFryq4qpAxUIARUAAAAAGAElAADIQj0AgKJDeAE=&rs=AOn4CLDcyiv4D8xgQSyeRpjqQeSG10I43g,https://www.youtube.com/watch?v=B8V1YB_7BYc
rrxUXuQZtqM,JavaScript + MySQL: Como Criar Aplicações com Banco de Dados - PARTE3,https://i.ytimg.com/vi/rrxUXuQZtqM/hqdefault.jpg?sqp=-oaymwEjCNACELwBSFryq4qpAxUIARUAAAAAGAElAADIQj0AgKJDeAE=&rs=AOn4CLA-kUV9z-SFUg3Bnm73rNtyq6z_iQ,https://www.youtube.com/watch?v=rrxUXuQZtqM
rQpu-Yus7Lw,JavaScript + MySQL: Como Criar Aplicações com Banco de Dados - PARTE2,https://i.ytimg.com/vi/rQpu-Yus7Lw/hqdefault.jpg?sqp=-oaymwEjCNACELwBSFryq4qpAxUIARUAAAAAGAElAADIQj0AgKJDeAE=&rs=AOn4CLBt18qp7Y8wDVoNfF2QCZ19pV3PDg,https://www.youtube.com/watch?v=rQpu-Yus7Lw
W8CngcteUaU,Live 20/01/25  Consumo da API ViaCep com JavaScript #cursodejavascript #tutorial,https://i.ytimg.com/vi/W8CngcteUaU/hqdefault.jpg?sqp=-oaymwEjCNACELwBSFryq4qpAxUIARUAAAAAGAElAADIQj0AgKJDeAE=&rs=AOn4CLDhYHf9huN997DZ1OeLox2e_yfKXg,https://www.youtube.com/watch?v=W8CngcteUaU
L0tDM0AL9wA,Como Conectar JavaScript ao MySQL (Guia Completo - PARTE 1),https://i.ytimg.com/vi/L0tDM0AL9wA/hqdefault.jpg?sqp=-oaymwEjCNACELwBSFryq4qpAxUIARUAAAAAGAElAADIQj0AgKJDeAE=&rs=AOn4CLAj4mRv1JYLNaN_Q8dw9u36fW4ktg,https://www.youtube.com/watch?v=L0tDM0AL9wA
FdYoLSIvweE,Resumo da Live 14/01/25 - Método Filter com JavaScript #cursojavascript,https://i.ytimg.com/vi/FdYoLSIvweE/hqdefault.jpg?sqp=-oaymwEjCNACELwBSFryq4qpAxUIARUAAAAAGAElAADIQj0AgKJDeAE=&rs=AOn4CLAaGEGT2PKuR74KeCXnBE5sPWTHag,https://www.youtube.com/watch?v=FdYoLSIvweE
Rjef5gDGKOY,Propriedades Dinâmicas no JavaScript: O Poder dos Colchetes | #javascript,https://i.ytimg.com/vi/Rjef5gDGKOY/hqdefault.jpg?sqp=-oaymwEjCNACELwBSFryq4qpAxUIARUAAAAAGAElAADIQj0AgKJDeAE=&rs=AOn4CLDGRYJAiHGBkVEyl5rOa6kyAwOi4Q,https://www.youtube.com/watch?v=Rjef5gDGKOY
PxQIpKJoWf4,Você Sabe a Diferença entre While e Do While no JavaScript? Descubra Agora!,https://i.ytimg.com/vi/PxQIpKJoWf4/hqdefault.jpg?sqp=-oaymwEjCNACELwBSFryq4qpAxUIARUAAAAAGAElAADIQj0AgKJDeAE=&rs=AOn4CLCHYDVrK_QbSp5orz1qTN0Uw5rS5g,https://www.youtube.com/watch?v=PxQIpKJoWf4
tgzdxDpCmXY,JSON para Objetos com JavaScript | #cursodejavascript,https://i.ytimg.com/vi/tgzdxDpCmXY/hqdefault.jpg?sqp=-oaymwEjCNACELwBSFryq4qpAxUIARUAAAAAGAElAADIQj0AgKJDeAE=&rs=AOn4CLCu61k5cG5Don2nh-JlkP-pA1U7sg,https://www.youtube.com/watch?v=tgzdxDpCmXY
BNCfNCzOnmI,JavaScript For In | #cursojavascript,https://i.ytimg.com/vi/BNCfNCzOnmI/hqdefault.jpg?sqp=-oaymwEjCNACELwBSFryq4qpAxUIARUAAAAAGAElAADIQj0AgKJDeAE=&rs=AOn4CLBBQSa0VxS5Unvo1G63hlrxry1XaQ,https://www.youtube.com/watch?v=BNCfNCzOnmI
ReGlOnAlaTQ,Escopo das Variáveis em JavaScript | #cursojavascript,https://i.ytimg.com/vi/ReGlOnAlaTQ/hqdefault.jpg?sqp=-oaymwEjCNACELwBSFryq4qpAxUIARUAAAAAGAElAADIQj0AgKJDeAE=&rs=AOn4CLAQGtp_CZl86JKNBHSgbdVqdwZhJg,https://www.youtube.com/watch?v=ReGlOnAlaTQ
bANkixuP2DM,Encapsulamento com JavaScript - #cursojavascript,https://i.ytimg.com/vi/bANkixuP2DM/hqdefault.jpg?sqp=-oaymwEjCNACELwBSFryq4qpAxUIARUAAAAAGAElAADIQj0AgKJDeAE=&rs=AOn4CLCCDpTXRjE60mN53iKkzUy351hqCA,https://www.youtube.com/watch?v=bANkixuP2DM
OKGdxweOw4k,Entendendo sobre Objetos em JavaScript | THIS,https://i.ytimg.com/vi/OKGdxweOw4k/hqdefault.jpg?sqp=-oaymwEjCNACELwBSFryq4qpAxUIARUAAAAAGAElAADIQj0AgKJDeAE=&rs=AOn4CLCP4b9yqRWcM-su9VqExPnDIux6GA,https://www.youtube.com/watch?v=OKGdxweOw4k
Go2goGGqC2g,"Dark Mode: Como Implementar e Tornar Seu Site Incrível com HTML, CSS e JavaScript",https://i.ytimg.com/vi/Go2goGGqC2g/hqdefault.jpg?sqp=-oaymwEjCNACELwBSFryq4qpAxUIARUAAAAAGAElAADIQj0AgKJDeAE=&rs=AOn4CLC8hPqb9Aqfhpwhkfk1yFnZrQo7ag,https://www.youtube.com/watch?v=Go2goGGqC2g
4Uvi2L-OF2M,Você Sabia Que Pode Salvar Dados no Navegador? Aprenda a Usar localStorage!,https://i.ytimg.com/vi/4Uvi2L-OF2M/hqdefault.jpg?sqp=-oaymwEjCNACELwBSFryq4qpAxUIARUAAAAAGAElAADIQj0AgKJDeAE=&rs=AOn4CLC0-wcblhsb7dEfm5qldECohgY8Zg,https://www.youtube.com/watch?v=4Uvi2L-OF2M
9ADD4eDkVl4,"Crie um Menu Hambúrguer Responsivo e Profissional em Poucos Passos com HTML, CSS e JavaScript",https://i.ytimg.com/vi/9ADD4eDkVl4/hqdefault.jpg?sqp=-oaymwEjCNACELwBSFryq4qpAxUIARUAAAAAGAElAADIQj0AgKJDeAE=&rs=AOn4CLBMS-BhFYbHPYFce2axBkJy2PD86A,https://www.youtube.com/watch?v=9ADD4eDkVl4
X54lVOqCUXU,O que é Vetor ( ARRAY ) - ENTENDA de uma vez por todas,https://i.ytimg.com/vi/X54lVOqCUXU/hqdefault.jpg?sqp=-oaymwEjCNACELwBSFryq4qpAxUIARUAAAAAGAElAADIQj0AgKJDeAE=&rs=AOn4CLCsX2jcDNS9u-aF63Wb26tne5HRsA,https://www.youtube.com/watch?v=X54lVOqCUXU
CdzMVHmi-iA,Fetch API em JavaScript: Tudo o que Você Precisa para Consumir APIs!,https://i.ytimg.com/vi/CdzMVHmi-iA/hqdefault.jpg?sqp=-oaymwEjCNACELwBSFryq4qpAxUIARUAAAAAGAElAADIQj0AgKJDeAE=&rs=AOn4CLCM2hM2CIB4DVoTlNrQ_ypwAXPnOw,https://www.youtube.com/watch?v=CdzMVHmi-iA
ZO5tMiOBmVA,Live 27102024 | QueryString e CallBack com JavaScript #callback,https://i.ytimg.com/vi/ZO5tMiOBmVA/hqdefault.jpg?sqp=-oaymwEjCNACELwBSFryq4qpAxUIARUAAAAAGAElAADIQj0AgKJDeAE=&rs=AOn4CLD32vHkb9v7MJ0No66JwXLXdNSnIw,https://www.youtube.com/watch?v=ZO5tMiOBmVA
JV_sVPk2y2s,Mini Projeto com JavaScript #javascript  #tutorial,https://i.ytimg.com/vi/JV_sVPk2y2s/hqdefault.jpg?sqp=-oaymwEjCNACELwBSFryq4qpAxUIARUAAAAAGAElAADIQj0AgKJDeAE=&rs=AOn4CLB0ULpL1aBtt6Bm3SEWiwSvQXxSnA,https://www.youtube.com/watch?v=JV_sVPk2y2s
HcFr8q9W7z8,Live Objetos em JavaScript  #cursojavascript,https://i.ytimg.com/vi/HcFr8q9W7z8/hqdefault.jpg?sqp=-oaymwEjCNACELwBSFryq4qpAxUIARUAAAAAGAElAADIQj0AgKJDeAE=&rs=AOn4CLCQiE2UJFldadVtIkBL7AKCVLK7nw,https://www.youtube.com/watch?v=HcFr8q9W7z8
bwglia2dXFM,CLASS 12: Scope of Variables in JavaScript #cursojavascript,https://i.ytimg.com/vi/bwglia2dXFM/hqdefault.jpg?sqp=-oaymwEjCNACELwBSFryq4qpAxUIARUAAAAAGAElAADIQj0AgKJDeAE=&rs=AOn4CLCkavJHZCiqIERtmlRfvpJrXNB2_w,https://www.youtube.com/watch?v=bwglia2dXFM
bKshQiFYzU0,23 de junho de 2024JavaScript Tutorial  (Laço For) #cursojavascript #javascript,https://i.ytimg.com/vi/bKshQiFYzU0/hqdefault.jpg?sqp=-oaymwE9CNACELwBSFryq4qpAy8IARUAAAAAGAElAADIQj0AgKJDeAHwAQH4AbYIgAKAD4oCDAgAEAEYEyBGKH8wDw==&rs=AOn4CLA4aUo7EAgl8Mi4XM3XNlxb9VCd6Q,https://www.youtube.com/watch?v=bKshQiFYzU0
eG7oldQVFTc,Working with API in JavaScript With Fetch Method,https://i.ytimg.com/vi/eG7oldQVFTc/hqdefault.jpg?sqp=-oaymwEjCNACELwBSFryq4qpAxUIARUAAAAAGAElAADIQj0AgKJDeAE=&rs=AOn4CLDm6JSN9EOkN9U1kBotskfIIP94lw,https://www.youtube.com/watch?v=eG7oldQVFTc
FplBYOQ2EBI,Dynamically reusing functions with JavaScript modules | Import/Export),https://i.ytimg.com/vi/FplBYOQ2EBI/hqdefault.jpg?sqp=-oaymwEjCNACELwBSFryq4qpAxUIARUAAAAAGAElAADIQj0AgKJDeAE=&rs=AOn4CLDN0fu9aSWj_DhyfoPdFwR2d0ya1w,https://www.youtube.com/watch?v=FplBYOQ2EBI
bAzbKqKKLhE,Manipulating JSON and Creating HTML Elements with JavaScript - Part 2 with Query String,https://i.ytimg.com/vi/bAzbKqKKLhE/hqdefault.jpg?sqp=-oaymwEjCNACELwBSFryq4qpAxUIARUAAAAAGAElAADIQj0AgKJDeAE=&rs=AOn4CLCPdPo8M0AMEPwZSxLbhcypOjcWqA,https://www.youtube.com/watch?v=bAzbKqKKLhE
2DtfHiKP2_g,AULA 11: Método SPLICE em JavaScript,https://i.ytimg.com/vi/2DtfHiKP2_g/hqdefault.jpg?sqp=-oaymwEjCNACELwBSFryq4qpAxUIARUAAAAAGAElAADIQj0AgKJDeAE=&rs=AOn4CLAtmNYFAq0IyiXV1-O6nekU81F89g,https://www.youtube.com/watch?v=2DtfHiKP2_g
BURapfcsa0k,Compartilhando Dados entre Componente Pai e Filho no Angular,https://i.ytimg.com/vi/BURapfcsa0k/hqdefault.jpg?sqp=-oaymwEjCNACELwBSFryq4qpAxUIARUAAAAAGAElAADIQj0AgKJDeAE=&rs=AOn4CLBcN59YeQIuimhykZYo0xJDNUDhxQ,https://www.youtube.com/watch?v=BURapfcsa0k
5QQuKdPc5xA,Data Structures with Arrays in JavaScript | Vector and Matrix,https://i.ytimg.com/vi/5QQuKdPc5xA/hqdefault.jpg?sqp=-oaymwEjCNACELwBSFryq4qpAxUIARUAAAAAGAElAADIQj0AgKJDeAE=&rs=AOn4CLD3M4pH4dGj5MYdZIE2a_zadLKI1Q,https://www.youtube.com/watch?v=5QQuKdPc5xA
WFcBiWTg2fA,Manipulando Strings em JavaScript | Mini Projeto,https://i.ytimg.com/vi/WFcBiWTg2fA/hqdefault.jpg?sqp=-oaymwEjCNACELwBSFryq4qpAxUIARUAAAAAGAElAADIQj0AgKJDeAE=&rs=AOn4CLBXcXXWc0ZOr74fN1Wb6XFcQAGAhA,https://www.youtube.com/watch?v=WFcBiWTg2fA
XaLgghLNzrI,Aula 10: JavaScript - Quebra de Linha,https://i.ytimg.com/vi/XaLgghLNzrI/hqdefault.jpg?sqp=-oaymwEjCNACELwBSFryq4qpAxUIARUAAAAAGAElAADIQj0AgKJDeAE=&rs=AOn4CLD5pauv31pNh8yaOs_btbTamHmR9g,https://www.youtube.com/watch?v=XaLgghLNzrI
bbqUlFHacAY,Aula 02: Como Apresentar os Dados no Template no Angular,https://i.ytimg.com/vi/bbqUlFHacAY/hqdefault.jpg?sqp=-oaymwEjCNACELwBSFryq4qpAxUIARUAAAAAGAElAADIQj0AgKJDeAE=&rs=AOn4CLAchfne6JMLANjIRB4eHFpi_oKJWQ,https://www.youtube.com/watch?v=bbqUlFHacAY
YOP64D8CwAA,Aula 01: Introdução ao Angular,https://i.ytimg.com/vi/YOP64D8CwAA/hqdefault.jpg?sqp=-oaymwEjCNACELwBSFryq4qpAxUIARUAAAAAGAElAADIQj0AgKJDeAE=&rs=AOn4CLB20ndDQxAYGMI5w0EFB06PowyzmA,https://www.youtube.com/watch?v=YOP64D8CwAA
zcQ0U386wPE,Manipulating JSON and Creating HTML Elements with JavaScript - Part 1,https://i.ytimg.com/vi/zcQ0U386wPE/hqdefault.jpg?sqp=-oaymwEjCNACELwBSFryq4qpAxUIARUAAAAAGAElAADIQj0AgKJDeAE=&rs=AOn4CLDuFrWCHVKjgN3uPO8RpsAEcalsFQ,https://www.youtube.com/watch?v=zcQ0U386wPE
zl_uEjrXweM,Pare de Repetir Código! Use Polimorfismo e Sobrescrita de Métodos no JavaScript,https://i.ytimg.com/vi/zl_uEjrXweM/hqdefault.jpg?sqp=-oaymwEjCNACELwBSFryq4qpAxUIARUAAAAAGAElAADIQj0AgKJDeAE=&rs=AOn4CLAFMdG4EX-kfgrdLGHyNy78FJvwiA,https://www.youtube.com/watch?v=zl_uEjrXweM
ynTPNwY1fOo,Exercises with JavaScript | DOM - Arrow Function - Events - Ternary Operator,https://i.ytimg.com/vi/ynTPNwY1fOo/hqdefault.jpg?sqp=-oaymwEjCNACELwBSFryq4qpAxUIARUAAAAAGAElAADIQj0AgKJDeAE=&rs=AOn4CLAGwqsjSpeRUO7jGOH0dpYFP07Mqg,https://www.youtube.com/watch?v=ynTPNwY1fOo
Jub9kAb28xg,Métodos SUBSTR INDEXOF em JavaScript,https://i.ytimg.com/vi/Jub9kAb28xg/hqdefault.jpg?sqp=-oaymwEjCNACELwBSFryq4qpAxUIARUAAAAAGAElAADIQj0AgKJDeAE=&rs=AOn4CLCoCSXoWZs28jnHyAnMQpPDI1k3Og,https://www.youtube.com/watch?v=Jub9kAb28xg
xF4B1J6NRgI,Aula 08: Objetos em JavaScript,https://i.ytimg.com/vi/xF4B1J6NRgI/hqdefault.jpg?sqp=-oaymwEjCNACELwBSFryq4qpAxUIARUAAAAAGAElAADIQj0AgKJDeAE=&rs=AOn4CLDL95kuzwj2s8PkPC__PUtMZMPjNg,https://www.youtube.com/watch?v=xF4B1J6NRgI
vKdA4-cbGiU,Mini projeto em JavaScript,https://i.ytimg.com/vi/vKdA4-cbGiU/hqdefault.jpg?sqp=-oaymwEjCNACELwBSFryq4qpAxUIARUAAAAAGAElAADIQj0AgKJDeAE=&rs=AOn4CLDfMky38_WU13BJobN7O1fziw9jvA,https://www.youtube.com/watch?v=vKdA4-cbGiU
jU2vvv0dr1U,Aula 07: Métodos FOR IN FOR OF JavaScript,https://i.ytimg.com/vi/jU2vvv0dr1U/hqdefault.jpg?sqp=-oaymwEjCNACELwBSFryq4qpAxUIARUAAAAAGAElAADIQj0AgKJDeAE=&rs=AOn4CLA5hes_iUYrPvjOIw_LrrPLYMKiGg,https://www.youtube.com/watch?v=jU2vvv0dr1U
IAePi3slyDA,Aula 06: Funções Intrínsecas JavaScript,https://i.ytimg.com/vi/IAePi3slyDA/hqdefault.jpg?sqp=-oaymwEjCNACELwBSFryq4qpAxUIARUAAAAAGAElAADIQj0AgKJDeAE=&rs=AOn4CLDBVewSR9iQdjJtJTy0m41mcoGlyg,https://www.youtube.com/watch?v=IAePi3slyDA
QHtoAgSCFrc,Salvando Arquivos TXT com JavaScript Utilizando a Biblioteca FileSaver.js,https://i.ytimg.com/vi/QHtoAgSCFrc/hqdefault.jpg?sqp=-oaymwEjCNACELwBSFryq4qpAxUIARUAAAAAGAElAADIQj0AgKJDeAE=&rs=AOn4CLB77c38DciFStHWSLHhP4w3BFHtHQ,https://www.youtube.com/watch?v=QHtoAgSCFrc
AshENFa2z6U,Aula 05: Mini Projeto com Laço For e Condicional Aninhada JavaScript,https://i.ytimg.com/vi/AshENFa2z6U/hqdefault.jpg?sqp=-oaymwEjCNACELwBSFryq4qpAxUIARUAAAAAGAElAADIQj0AgKJDeAE=&rs=AOn4CLAEyD5p0GFAXYnE4XOSpYZvN1hnaw,https://www.youtube.com/watch?v=AshENFa2z6U
WwfrRk4Qu4s,Aula 04: Eventos em JavaScript com DOM,https://i.ytimg.com/vi/WwfrRk4Qu4s/hqdefault.jpg?sqp=-oaymwEjCNACELwBSFryq4qpAxUIARUAAAAAGAElAADIQj0AgKJDeAE=&rs=AOn4CLCuZDnRE932_NTs79HxVCt8_8tQkg,https://www.youtube.com/watch?v=WwfrRk4Qu4s
ybuOBm-Fj3M,Aula 03:  LocalStorage e SessionStorage com JavaScript | Desvendando o Código,https://i.ytimg.com/vi/ybuOBm-Fj3M/hqdefault.jpg?sqp=-oaymwEjCNACELwBSFryq4qpAxUIARUAAAAAGAElAADIQj0AgKJDeAE=&rs=AOn4CLC2m9P_ovVpV9jZjJRtMD19ZCfxEw,https://www.youtube.com/watch?v=ybuOBm-Fj3M
AShpsBttMvI,Teste de Software com JavaScript e Jasmine | Desvendando o Código,https://i.ytimg.com/vi/AShpsBttMvI/hqdefault.jpg?sqp=-oaymwEjCNACELwBSFryq4qpAxUIARUAAAAAGAElAADIQj0AgKJDeAE=&rs=AOn4CLBGi47AHXexiFDX7Lz3Py_v25NQwg,https://www.youtube.com/watch?v=AShpsBttMvI
AizMMiEsenQ,Básico de Função Assíncrona e Callback  #callback,https://i.ytimg.com/vi/AizMMiEsenQ/hqdefault.jpg?sqp=-oaymwEjCNACELwBSFryq4qpAxUIARUAAAAAGAElAADIQj0AgKJDeAE=&rs=AOn4CLDH9VeYx8n0E2XNYq9s7eFG9dsMZQ,https://www.youtube.com/watch?v=AizMMiEsenQ
3Gu3XnOHoBI,Aula 02: Depuração em JavaScript com DevTools | Desvendando o Código,https://i.ytimg.com/vi/3Gu3XnOHoBI/hqdefault.jpg?sqp=-oaymwEjCNACELwBSFryq4qpAxUIARUAAAAAGAElAADIQj0AgKJDeAE=&rs=AOn4CLAcuRGq-sLXbPrKNiin9SZSp8-31g,https://www.youtube.com/watch?v=3Gu3XnOHoBI
O3kRd_S4wJ4,Orientação a Objetos com JavaScript  Encapsulamento | Desvendando o Código,https://i.ytimg.com/vi/O3kRd_S4wJ4/hqdefault.jpg?sqp=-oaymwEjCNACELwBSFryq4qpAxUIARUAAAAAGAElAADIQj0AgKJDeAE=&rs=AOn4CLBLRwqwICQaEMKID2VeCVwcBKLpng,https://www.youtube.com/watch?v=O3kRd_S4wJ4
jtx8ISn2HTc,JavaScript with DOM and Arrow Functions: Mini Project + Source Code! | Desvendando o Código,https://i.ytimg.com/vi/jtx8ISn2HTc/hqdefault.jpg?sqp=-oaymwEjCNACELwBSFryq4qpAxUIARUAAAAAGAElAADIQj0AgKJDeAE=&rs=AOn4CLBUUP5lTiLqX9gwQSTeur5F4q_jXw,https://www.youtube.com/watch?v=jtx8ISn2HTc
TXt1Fzaj1L0,Aula 01: Explorando o console.log() JavaScript | Desvendando o Código,https://i.ytimg.com/vi/TXt1Fzaj1L0/hqdefault.jpg?sqp=-oaymwEjCNACELwBSFryq4qpAxUIARUAAAAAGAElAADIQj0AgKJDeAE=&rs=AOn4CLCwxgbmHR1VsMBo9vlX73JCV5eyUg,https://www.youtube.com/watch?v=TXt1Fzaj1L0
707BE6oCq8M,Curso Intermediário de JavaScript | Desvendando o Código,https://i.ytimg.com/vi/707BE6oCq8M/hqdefault.jpg?sqp=-oaymwEjCNACELwBSFryq4qpAxUIARUAAAAAGAElAADIQj0AgKJDeAE=&rs=AOn4CLCScqiOpZjVpCD-WQclQSl_M6WCuA,https://www.youtube.com/watch?v=707BE6oCq8M
vf0dgAoFemY,JavaScript Além do Básico: Projetos Desafiadores e Dicas Profissionais | Desvendando o Código,https://i.ytimg.com/vi/vf0dgAoFemY/hqdefault.jpg?sqp=-oaymwEjCNACELwBSFryq4qpAxUIARUAAAAAGAElAADIQj0AgKJDeAE=&rs=AOn4CLC1LmXNXxmMQ5o_Z0NwSlqzpfORFw,https://www.youtube.com/watch?v=vf0dgAoFemY
nQxS2ZRnPgQ,Aula 17: Introdução aos Vetores em JavaScript | Desvendando o Código,https://i.ytimg.com/vi/nQxS2ZRnPgQ/hqdefault.jpg?sqp=-oaymwEjCNACELwBSFryq4qpAxUIARUAAAAAGAElAADIQj0AgKJDeAE=&rs=AOn4CLA_HjO0S5wVwa6nj0Hztdm-xzWgCA,https://www.youtube.com/watch?v=nQxS2ZRnPgQ
odrfZGVy2E4,Como Usar JavaScript para Pegar Dados de um Arquivo JSON | Desvendando o Código,https://i.ytimg.com/vi/odrfZGVy2E4/hqdefault.jpg?sqp=-oaymwEjCNACELwBSFryq4qpAxUIARUAAAAAGAElAADIQj0AgKJDeAE=&rs=AOn4CLAmGbLNLm-57-fQcNGBwWpWYlj50A,https://www.youtube.com/watch?v=odrfZGVy2E4
Akd304y-GEs,Dominando Test-Driven Development (TDD) com JavaScript: Um Guia Prático,https://i.ytimg.com/vi/Akd304y-GEs/hqdefault.jpg?sqp=-oaymwEjCNACELwBSFryq4qpAxUIARUAAAAAGAElAADIQj0AgKJDeAE=&rs=AOn4CLBJy2LJjyX1LXikT3Fwt1VIQalq1w,https://www.youtube.com/watch?v=Akd304y-GEs
KMKq_Ug-Gmo,Aula 16:  Introdução às Arrow Functions em JavaScript | Aprenda o Básico em Minutos!,https://i.ytimg.com/vi/KMKq_Ug-Gmo/hqdefault.jpg?sqp=-oaymwEjCNACELwBSFryq4qpAxUIARUAAAAAGAElAADIQj0AgKJDeAE=&rs=AOn4CLDFJcligxd8u0YsZYMHp958NCuKTg,https://www.youtube.com/watch?v=KMKq_Ug-Gmo
l0FwcskMdGA,Aula 15: Mini Projeto em JavaScript com Funções e  Switch Case - Iniciante,https://i.ytimg.com/vi/l0FwcskMdGA/hqdefault.jpg?sqp=-oaymwEjCNACELwBSFryq4qpAxUIARUAAAAAGAElAADIQj0AgKJDeAE=&rs=AOn4CLDlE6aVVzJJvATae3EYc77intq46A,https://www.youtube.com/watch?v=l0FwcskMdGA
oXKXqQqnI54,Aula 14: Introdução às Funções JavaScript Iniciante,https://i.ytimg.com/vi/oXKXqQqnI54/hqdefault.jpg?sqp=-oaymwEjCNACELwBSFryq4qpAxUIARUAAAAAGAElAADIQj0AgKJDeAE=&rs=AOn4CLCpDMdsWdncawDykx9IZ2D33mUchQ,https://www.youtube.com/watch?v=oXKXqQqnI54
6p3T4-6iBAI,Aula 13: Laço de repetição FOR  com JavaScript | Desvendando o Código,https://i.ytimg.com/vi/6p3T4-6iBAI/hqdefault.jpg?sqp=-oaymwEjCNACELwBSFryq4qpAxUIARUAAAAAGAElAADIQj0AgKJDeAE=&rs=AOn4CLBll_JVQ60vSIb32XPwZaOYc77wOw,https://www.youtube.com/watch?v=6p3T4-6iBAI
y22FSAq4hHc,Lesson 12: Exercises with While and Do-While in JavaScript for beginners,https://i.ytimg.com/vi/y22FSAq4hHc/hqdefault.jpg?sqp=-oaymwEjCNACELwBSFryq4qpAxUIARUAAAAAGAElAADIQj0AgKJDeAE=&rs=AOn4CLCJipcGItbn2o21og1tLLCIM7CaOw,https://www.youtube.com/watch?v=y22FSAq4hHc
EIwjAj6luks,Aula 11: Laço de Repetição Do-While com JavaScript para Iniciantes,https://i.ytimg.com/vi/EIwjAj6luks/hqdefault.jpg?sqp=-oaymwEjCNACELwBSFryq4qpAxUIARUAAAAAGAElAADIQj0AgKJDeAE=&rs=AOn4CLB_Xe1Y0-wIY9_bfcBt5zMokC7-yA,https://www.youtube.com/watch?v=EIwjAj6luks
1kAogGrPlHE,Aula10: Desvendando o Laço de Repetição While  -  JavaScript para Iniciantes!,https://i.ytimg.com/vi/1kAogGrPlHE/hqdefault.jpg?sqp=-oaymwEjCNACELwBSFryq4qpAxUIARUAAAAAGAElAADIQj0AgKJDeAE=&rs=AOn4CLCytIwXMVCNMifvVpm9o2RCMFKbkA,https://www.youtube.com/watch?v=1kAogGrPlHE
M81H2ymreP8,Aula 09: Explorando Uppercase e Lowercase em JavaScript para Iniciantes! 🚀,https://i.ytimg.com/vi/M81H2ymreP8/hqdefault.jpg?sqp=-oaymwEjCNACELwBSFryq4qpAxUIARUAAAAAGAElAADIQj0AgKJDeAE=&rs=AOn4CLBjzXFq58wsfYCmZH2AQl0nnlu7Rg,https://www.youtube.com/watch?v=M81H2ymreP8
-2zEY8irNWI,Aula 08: Estrutura de decisão Switch Case em JavaScript para Iniciantes! 🚀,https://i.ytimg.com/vi/-2zEY8irNWI/hqdefault.jpg?sqp=-oaymwEjCNACELwBSFryq4qpAxUIARUAAAAAGAElAADIQj0AgKJDeAE=&rs=AOn4CLAPgbNgoApJZeC2Q_qWJwWLMFyxeg,https://www.youtube.com/watch?v=-2zEY8irNWI
f64zQ-OHnxg,Aula 07: Condicionais Aninhadas em JavaScript para Iniciantes,https://i.ytimg.com/vi/f64zQ-OHnxg/hqdefault.jpg?sqp=-oaymwEjCNACELwBSFryq4qpAxUIARUAAAAAGAElAADIQj0AgKJDeAE=&rs=AOn4CLDM4ObiZ92qVxwk2FSfjxqkxbqehA,https://www.youtube.com/watch?v=f64zQ-OHnxg
jhc1LXhN-a4,Aula 06: Exercício Com  Condicional em JavaScript | Tutorial para Iniciantes,https://i.ytimg.com/vi/jhc1LXhN-a4/hqdefault.jpg?sqp=-oaymwEjCNACELwBSFryq4qpAxUIARUAAAAAGAElAADIQj0AgKJDeAE=&rs=AOn4CLD1Fq9ZdNidOzTntEs79zLly8KRHg,https://www.youtube.com/watch?v=jhc1LXhN-a4
OmGuPV4tzrY,"Aula 05: JavaScript para Iniciantes: Tipos de Dados, Operadores e Estruturas Condicionais",https://i.ytimg.com/vi/OmGuPV4tzrY/hqdefault.jpg?sqp=-oaymwEjCNACELwBSFryq4qpAxUIARUAAAAAGAElAADIQj0AgKJDeAE=&rs=AOn4CLDEmmMjQn7mTY6ZN1sWk_IDpARqAA,https://www.youtube.com/watch?v=OmGuPV4tzrY
rlIGiVqmap0,Aula 04: Exercício com Variáveis Básicas em JavaScript | Guia para Iniciantes,https://i.ytimg.com/vi/rlIGiVqmap0/hqdefault.jpg?sqp=-oaymwEjCNACELwBSFryq4qpAxUIARUAAAAAGAElAADIQj0AgKJDeAE=&rs=AOn4CLCiyPaIkhV0A7yq5DTqIw0tpbC0JQ,https://www.youtube.com/watch?v=rlIGiVqmap0
EfV7ie0mTKc,Aula 03: Explorando Métodos JavaScript: prompt()  typeof() e Conversão de Variáveis,https://i.ytimg.com/vi/EfV7ie0mTKc/hqdefault.jpg?sqp=-oaymwEjCNACELwBSFryq4qpAxUIARUAAAAAGAElAADIQj0AgKJDeAE=&rs=AOn4CLDx9sljsAM7khMQo-LNMctbKztq5Q,https://www.youtube.com/watch?v=EfV7ie0mTKc
fKezBTAcDNk,Aula 02: Introdução às Variáveis,https://i.ytimg.com/vi/fKezBTAcDNk/hqdefault.jpg?sqp=-oaymwEjCNACELwBSFryq4qpAxUIARUAAAAAGAElAADIQj0AgKJDeAE=&rs=AOn4CLBQIf9-_uzGNM6KtSWLq2eU7NPpzA,https://www.youtube.com/watch?v=fKezBTAcDNk
Gilflx4t6WI,Aula 01: Conhecendo o Ambiente VS Code,https://i.ytimg.com/vi/Gilflx4t6WI/hqdefault.jpg?sqp=-oaymwEjCNACELwBSFryq4qpAxUIARUAAAAAGAElAADIQj0AgKJDeAE=&rs=AOn4CLBzMngMZedtCQf3TXL0pooPL7RWRg,https://www.youtube.com/watch?v=Gilflx4t6WI
OYrwOxFkpQo,Basic Course on Algorithms with JavaScript,https://i.ytimg.com/vi/OYrwOxFkpQo/hqdefault.jpg?sqp=-oaymwEjCNACELwBSFryq4qpAxUIARUAAAAAGAElAADIQj0AgKJDeAE=&rs=AOn4CLB3fSmUN2sSgCsd_Cg0gsSmu6YJkA,https://www.youtube.com/watch?v=OYrwOxFkpQo
